{
    "config": {
        "USE_FULLDATA": false,
        "RESTRECTED_FEATURES": false,
        "RANDOM_SEED": 2023,
        "N_SPLITS": 4,
        "Date": "2023-11-07 08:54:02.791567",
        "ACTIVATION": "relu",
        "ENCODER_SIZES": [
            30,
            20,
            10,
            5
        ],
        "EPOCHS": 5,
        "BATCH_SIZE": 32,
        "Model": "LogisticRegression",
        "params": {
            "penalty": "l2",
            "solver": "lbfgs",
            "random_state": 2023,
            "max_iter": 200
        }
    },
    "default": {
        "dos": {
            "precision": 0.9995606148326572,
            "recall": 0.9995580626188048,
            "f1-score": 0.9995593373363744,
            "support": 391458.0
        },
        "normal": {
            "precision": 0.9920187719968848,
            "recall": 0.9952301621329489,
            "f1-score": 0.9936216440106954,
            "support": 97278.0
        },
        "probe": {
            "precision": 0.9375121756691769,
            "recall": 0.8677918424753868,
            "f1-score": 0.901184853828477,
            "support": 4107.0
        },
        "r2l": {
            "precision": 0.8698944192377288,
            "recall": 0.8818776658842532,
            "f1-score": 0.8757084340435107,
            "support": 1126.0
        },
        "u2r": {
            "precision": 0.8805555555555555,
            "recall": 0.46153846153846156,
            "f1-score": 0.599508240297714,
            "support": 52.0
        },
        "accuracy": {},
        "macro avg": {
            "precision": 0.9359083074584007,
            "recall": 0.8411992389299711,
            "f1-score": 0.8739165019033543,
            "support": 494021.0
        },
        "weighted avg": {
            "precision": 0.9972517299895581,
            "recall": 0.9972855405546454,
            "f1-score": 0.9972479450728982,
            "support": 494021.0
        }
    },
    "ae": {
        "dos": {
            "precision": 0.9996040574565166,
            "recall": 0.9996372536017472,
            "f1-score": 0.9996206545180747,
            "support": 391458.0
        },
        "normal": {
            "precision": 0.9951882685390098,
            "recall": 0.9971319258814042,
            "f1-score": 0.9961591389490125,
            "support": 97278.0
        },
        "probe": {
            "precision": 0.9836626537032216,
            "recall": 0.9371829037052222,
            "f1-score": 0.9598292859503081,
            "support": 4107.0
        },
        "r2l": {
            "precision": 0.8865384005495806,
            "recall": 0.8969612074404988,
            "f1-score": 0.8915585317182531,
            "support": 1126.0
        },
        "u2r": {
            "precision": 0.7633928571428571,
            "recall": 0.42307692307692313,
            "f1-score": 0.5440476190476191,
            "support": 52.0
        },
        "accuracy": {},
        "macro avg": {
            "precision": 0.9256772474782371,
            "recall": 0.850798042741159,
            "f1-score": 0.8782430460366536,
            "support": 494021.0
        },
        "weighted avg": {
            "precision": 0.998319542514281,
            "recall": 0.9983300304023208,
            "f1-score": 0.9983140498578572,
            "support": 494021.0
        }
    }
}