{
    "config": {
        "USE_FULLDATA": false,
        "RESTRECTED_FEATURES": false,
        "RANDOM_SEED": 2023,
        "N_SPLITS": 4,
        "Date": "2023-11-07 08:59:47.769718",
        "ACTIVATION": "relu",
        "ENCODER_SIZES": [
            20,
            10,
            5
        ],
        "EPOCHS": 5,
        "BATCH_SIZE": 32,
        "Model": "LogisticRegression",
        "params": {
            "penalty": "l2",
            "solver": "lbfgs",
            "random_state": 2023,
            "max_iter": 200
        }
    },
    "default": {
        "dos": {
            "precision": 0.9995606148326572,
            "recall": 0.9995580626188048,
            "f1-score": 0.9995593373363744,
            "support": 391458.0
        },
        "normal": {
            "precision": 0.9920187719968848,
            "recall": 0.9952301621329489,
            "f1-score": 0.9936216440106954,
            "support": 97278.0
        },
        "probe": {
            "precision": 0.9375121756691769,
            "recall": 0.8677918424753868,
            "f1-score": 0.901184853828477,
            "support": 4107.0
        },
        "r2l": {
            "precision": 0.8698944192377288,
            "recall": 0.8818776658842532,
            "f1-score": 0.8757084340435107,
            "support": 1126.0
        },
        "u2r": {
            "precision": 0.8805555555555555,
            "recall": 0.46153846153846156,
            "f1-score": 0.599508240297714,
            "support": 52.0
        },
        "accuracy": {},
        "macro avg": {
            "precision": 0.9359083074584007,
            "recall": 0.8411992389299711,
            "f1-score": 0.8739165019033543,
            "support": 494021.0
        },
        "weighted avg": {
            "precision": 0.9972517299895581,
            "recall": 0.9972855405546454,
            "f1-score": 0.9972479450728982,
            "support": 494021.0
        }
    },
    "ae": {
        "dos": {
            "precision": 0.9995657389982461,
            "recall": 0.9995938263011512,
            "f1-score": 0.9995797808560369,
            "support": 391458.0
        },
        "normal": {
            "precision": 0.9944921643783556,
            "recall": 0.9966590522037404,
            "f1-score": 0.9955743028706742,
            "support": 97278.0
        },
        "probe": {
            "precision": 0.9776194735982688,
            "recall": 0.9218429404138931,
            "f1-score": 0.9488356793713391,
            "support": 4107.0
        },
        "r2l": {
            "precision": 0.867986872047835,
            "recall": 0.8943079427576286,
            "f1-score": 0.8807934600985233,
            "support": 1126.0
        },
        "u2r": {
            "precision": 0.7872023809523809,
            "recall": 0.423076923076923,
            "f1-score": 0.5412655971479501,
            "support": 52.0
        },
        "accuracy": {},
        "macro avg": {
            "precision": 0.9253733259950174,
            "recall": 0.8470961369506672,
            "f1-score": 0.8732097640689048,
            "support": 494021.0
        },
        "weighted avg": {
            "precision": 0.998062095833886,
            "recall": 0.9980689078953306,
            "f1-score": 0.9980502693796184,
            "support": 494021.0
        }
    }
}